employer_name,job_title,job_city,job_state,job_min_salary,job_max_salary,job_employment_type,job_apply_link,job_posted_at_datetime_utc
Health Images,CT/XRAY Technologist,Westminster,Colorado,35.35,45.58,Full-time,https://www.indeed.com/viewjob?jk=97c740f5cc9abdca&utm_campaign=google_jobs_apply&utm_source=google_jobs_apply&utm_medium=organic,2025-02-07T00:00:00.000Z
St. Anthony North Hospital,CT Tech,Westminster,Colorado,35.43,59.68,Full-time,https://www.indeed.com/viewjob?jk=b6524ef4c8d81d40&utm_campaign=google_jobs_apply&utm_source=google_jobs_apply&utm_medium=organic,
Host Healthcare,CT Technologist,Westminster,Colorado,2184,2363,Full-time,https://www.alliedtravelcareers.com/job/8911139EXPTEMP/travel-ct-tech-westminster-co-2184-to-2363-per-week-061824?utm_source=jobrapido&utm_medium=feed&utm_campaign=jobrapido-da&utm_content=EXPTEMP&is_direct_app=1&utm_campaign=google_jobs_apply&utm_source=google_jobs_apply&utm_medium=organic,
Health Images,Part Time CT/XRAY Technologist,Westminster,Colorado,35.35,45.58,Part-time,"https://www.glassdoor.com/job-listing/part-time-ct-xray-technologist-health-images-JV_KO0,30_KE31,44.htm?jl=1009551540528&utm_campaign=google_jobs_apply&utm_source=google_jobs_apply&utm_medium=organic",2025-02-03T00:00:00.000Z
St. Anthony North Hospital,CT Tech Weekend Option,Westminster,Colorado,35.43,59.68,Full-time,https://www.indeed.com/viewjob?jk=7e54090c9cd48d39&utm_campaign=google_jobs_apply&utm_source=google_jobs_apply&utm_medium=organic,
CommonSpirit Health Mountain Region,CT Tech PRN,Westminster,Colorado,35.43,59.68,Full-time,"https://www.ziprecruiter.com/c/CommonSpirit-Health-Mountain-Region/Job/CT-Tech-PRN/-in-Westminster,CO?jid=7057f4cf56ae3095&utm_campaign=google_jobs_apply&utm_source=google_jobs_apply&utm_medium=organic",
Core Medical Group,"Travel CT Technologist - $2,760 per week",Westminster,Colorado,,,Full-time,https://hispanic-jobs.com/jobs/travel-ct-technologist-2-760-per-week-westminster-colorado/1569128088-2/?utm_campaign=google_jobs_apply&utm_source=google_jobs_apply&utm_medium=organic,2025-02-08T00:00:00.000Z
CommonSpirit Health Mountain Region,Computed Tomography Specialist,Westminster,Colorado,,,Full-time,https://us.bebee.com/job/d0835e65d0b8ace256be15608432a449?utm_campaign=google_jobs_apply&utm_source=google_jobs_apply&utm_medium=organic,2025-02-08T00:00:00.000Z
beBee Professionals,CT Technologist,Westminster,Colorado,,,Contractor,https://us.bebee.com/job/643e442ee2bdf5f791cef5b63dd532dd?utm_campaign=google_jobs_apply&utm_source=google_jobs_apply&utm_medium=organic,2025-01-22T00:00:00.000Z
Monument Health,Radiological Technologist Clinic,Westminster,Colorado,23.25,29.06,Full-time,https://monument.health/gfj/radiological-technologist-clinic-westminster-co-66ebda98dad8f80343db1d72?utm_campaign=google_jobs_apply&utm_source=google_jobs_apply&utm_medium=organic,2025-02-02T00:00:00.000Z
Health Images,CT/XRAY Technologist,Westminster,Colorado,35.35,45.58,Full-time,https://www.indeed.com/viewjob?jk=97c740f5cc9abdca&utm_campaign=google_jobs_apply&utm_source=google_jobs_apply&utm_medium=organic,2025-02-07T00:00:00.000Z
St. Anthony North Hospital,CT Tech,Westminster,Colorado,35.43,59.68,Full-time,https://www.indeed.com/viewjob?jk=b6524ef4c8d81d40&utm_campaign=google_jobs_apply&utm_source=google_jobs_apply&utm_medium=organic,
Host Healthcare,CT Technologist,Westminster,Colorado,2184,2363,Full-time,https://www.alliedtravelcareers.com/job/8911139EXPTEMP/travel-ct-tech-westminster-co-2184-to-2363-per-week-061824?utm_source=jobrapido&utm_medium=feed&utm_campaign=jobrapido-da&utm_content=EXPTEMP&is_direct_app=1&utm_campaign=google_jobs_apply&utm_source=google_jobs_apply&utm_medium=organic,
CommonSpirit Health Mountain Region,CT Tech PRN,Westminster,Colorado,35.43,59.68,Full-time,"https://www.ziprecruiter.com/c/CommonSpirit-Health-Mountain-Region/Job/CT-Tech-PRN/-in-Westminster,CO?jid=7057f4cf56ae3095&utm_campaign=google_jobs_apply&utm_source=google_jobs_apply&utm_medium=organic",
St. Anthony North Hospital,CT Tech Weekend Option,Westminster,Colorado,35.43,59.68,Full-time,https://www.indeed.com/viewjob?jk=7e54090c9cd48d39&utm_campaign=google_jobs_apply&utm_source=google_jobs_apply&utm_medium=organic,
Health Images,Part Time CT/XRAY Technologist,Westminster,Colorado,35.35,45.58,Part-time,"https://www.glassdoor.com/job-listing/part-time-ct-xray-technologist-health-images-JV_KO0,30_KE31,44.htm?jl=1009551540528&utm_campaign=google_jobs_apply&utm_source=google_jobs_apply&utm_medium=organic",2025-02-03T00:00:00.000Z
"Aya Healthcare, Inc.","Travel CT Tech Job In Westminster, CO - Make $2305 - $2494/w",Westminster,Colorado,,,Full-time,https://www.zettlor.com/job-posts/07e70b96-8b97-4498-9dfb-b83249c06f7a?utm_campaign=google_jobs_apply&utm_source=google_jobs_apply&utm_medium=organic,2025-02-08T00:00:00.000Z
Skyline Med Staff Allied,Radiology Cath Lab Technologist Job Opportunity,Westminster,Colorado,,,Full-time,https://us.bebee.com/job/f9240df171cbcb8a48619c4b1b8c7bc5?utm_campaign=google_jobs_apply&utm_source=google_jobs_apply&utm_medium=organic,2025-02-10T00:00:00.000Z
Health Images,PRN Multi-Modality Technologist,Westminster,Colorado,40,51.57,Part-time,https://www.indeed.com/viewjob?jk=9c834e463a38e184&utm_campaign=google_jobs_apply&utm_source=google_jobs_apply&utm_medium=organic,
AlliedTravelCareers,"Travel CT Tech - $2,184 to $2,363 per week in Wheat Ridge, CO",Wheat Ridge,Colorado,,,Full-time,https://www.linkedin.com/jobs/view/travel-ct-tech-%242-184-to-%242-363-per-week-in-wheat-ridge-co-at-alliedtravelcareers-4149304024?utm_campaign=google_jobs_apply&utm_source=google_jobs_apply&utm_medium=organic,2025-02-11T03:00:00.000Z
Health Images,CT/XRAY Technologist,Westminster,Colorado,35.35,45.58,Full-time,https://www.indeed.com/viewjob?jk=97c740f5cc9abdca&utm_campaign=google_jobs_apply&utm_source=google_jobs_apply&utm_medium=organic,2025-02-07T00:00:00.000Z
St. Anthony North Hospital,CT Tech,Westminster,Colorado,35.43,59.68,Full-time,https://www.indeed.com/viewjob?jk=b6524ef4c8d81d40&utm_campaign=google_jobs_apply&utm_source=google_jobs_apply&utm_medium=organic,
Host Healthcare,CT Technologist,Westminster,Colorado,2184,2363,Full-time,https://www.alliedtravelcareers.com/job/8911139EXPTEMP/travel-ct-tech-westminster-co-2184-to-2363-per-week-061824?utm_source=jobrapido&utm_medium=feed&utm_campaign=jobrapido-da&utm_content=EXPTEMP&is_direct_app=1&utm_campaign=google_jobs_apply&utm_source=google_jobs_apply&utm_medium=organic,
St. Anthony North Hospital,CT Tech Weekend Option,Westminster,Colorado,35.43,59.68,Full-time,https://www.indeed.com/viewjob?jk=7e54090c9cd48d39&utm_campaign=google_jobs_apply&utm_source=google_jobs_apply&utm_medium=organic,
Health Images,Part Time CT/XRAY Technologist,Westminster,Colorado,35.35,45.58,Part-time,"https://www.glassdoor.com/job-listing/part-time-ct-xray-technologist-health-images-JV_KO0,30_KE31,44.htm?jl=1009551540528&utm_campaign=google_jobs_apply&utm_source=google_jobs_apply&utm_medium=organic",2025-02-03T00:00:00.000Z
CommonSpirit Health Mountain Region,CT Tech PRN,Westminster,Colorado,35.43,59.68,Full-time,"https://www.ziprecruiter.com/c/CommonSpirit-Health-Mountain-Region/Job/CT-Tech-PRN/-in-Westminster,CO?jid=7057f4cf56ae3095&utm_campaign=google_jobs_apply&utm_source=google_jobs_apply&utm_medium=organic",
"Aya Healthcare, Inc.","Travel CT Tech Job In Westminster, CO - Make $2305 - $2494/w",Westminster,Colorado,,,Full-time,https://www.zettlor.com/job-posts/07e70b96-8b97-4498-9dfb-b83249c06f7a?utm_campaign=google_jobs_apply&utm_source=google_jobs_apply&utm_medium=organic,2025-02-08T00:00:00.000Z
TRS Healthcare,Cath Lab Tech (Radiology - Cardiac Cath Lab),Westminster,Colorado,,,,https://trshealthcare.com/careers/find-a-job/1288333/?utm_campaign=google_jobs_apply&utm_source=google_jobs_apply&utm_medium=organic,2025-02-06T00:00:00.000Z
Skyline Med Staff Allied,Radiology Cath Lab Technologist Job Opportunity,Westminster,Colorado,,,Full-time,https://us.bebee.com/job/f9240df171cbcb8a48619c4b1b8c7bc5?utm_campaign=google_jobs_apply&utm_source=google_jobs_apply&utm_medium=organic,2025-02-10T00:00:00.000Z
CommonSpirit Health Mountain Region,Computed Tomography Specialist,Westminster,Colorado,,,Full-time,https://us.bebee.com/job/d0835e65d0b8ace256be15608432a449?utm_campaign=google_jobs_apply&utm_source=google_jobs_apply&utm_medium=organic,2025-02-08T00:00:00.000Z
